[{"model": "admin.logentry", "pk": 1, "fields": {"action_time": "2020-10-14T15:36:51.865Z", "user": 1, "content_type": 7, "object_id": "1", "object_repr": "Trading for a living", "action_flag": 1, "change_message": "[{\"added\": {}}]"}}, {"model": "admin.logentry", "pk": 2, "fields": {"action_time": "2020-10-17T10:05:46.950Z", "user": 1, "content_type": 7, "object_id": "2", "object_repr": "Pamiętnik Giełdowy", "action_flag": 1, "change_message": "[{\"added\": {}}]"}}, {"model": "admin.logentry", "pk": 3, "fields": {"action_time": "2020-10-17T10:06:35.764Z", "user": 1, "content_type": 7, "object_id": "2", "object_repr": "Pamiętnik Giełdowy", "action_flag": 2, "change_message": "[{\"changed\": {\"fields\": [\"Url\"]}}]"}}, {"model": "admin.logentry", "pk": 4, "fields": {"action_time": "2020-10-20T16:09:32.963Z", "user": 1, "content_type": 7, "object_id": "3", "object_repr": "Inwestomat.eu", "action_flag": 1, "change_message": "[{\"added\": {}}]"}}, {"model": "admin.logentry", "pk": 5, "fields": {"action_time": "2020-10-27T15:03:14.563Z", "user": 1, "content_type": 8, "object_id": "14", "object_repr": "Siedem kroków, zanim zaczniesz inwestować na giełdzie za granicą", "action_flag": 3, "change_message": ""}}, {"model": "admin.logentry", "pk": 6, "fields": {"action_time": "2020-10-27T15:03:14.631Z", "user": 1, "content_type": 8, "object_id": "13", "object_repr": "Siedem kroków, zanim zaczniesz inwestować na giełdzie za granicą", "action_flag": 3, "change_message": ""}}, {"model": "admin.logentry", "pk": 7, "fields": {"action_time": "2020-10-27T15:03:14.733Z", "user": 1, "content_type": 8, "object_id": "12", "object_repr": "Siedem kroków, zanim zaczniesz inwestować na giełdzie za granicą", "action_flag": 3, "change_message": ""}}, {"model": "admin.logentry", "pk": 8, "fields": {"action_time": "2020-10-27T15:03:14.835Z", "user": 1, "content_type": 8, "object_id": "11", "object_repr": "Siedem kroków, zanim zaczniesz inwestować na giełdzie za granicą", "action_flag": 3, "change_message": ""}}, {"model": "admin.logentry", "pk": 9, "fields": {"action_time": "2020-10-27T15:03:14.938Z", "user": 1, "content_type": 8, "object_id": "10", "object_repr": "Siedem kroków, zanim zaczniesz inwestować na giełdzie za granicą", "action_flag": 3, "change_message": ""}}, {"model": "admin.logentry", "pk": 10, "fields": {"action_time": "2020-10-27T15:03:15.039Z", "user": 1, "content_type": 8, "object_id": "9", "object_repr": "Siedem kroków, zanim zaczniesz inwestować na giełdzie za granicą", "action_flag": 3, "change_message": ""}}, {"model": "admin.logentry", "pk": 11, "fields": {"action_time": "2020-10-27T15:03:15.141Z", "user": 1, "content_type": 8, "object_id": "8", "object_repr": "Siedem kroków, zanim zaczniesz inwestować na giełdzie za granicą", "action_flag": 3, "change_message": ""}}, {"model": "admin.logentry", "pk": 12, "fields": {"action_time": "2020-10-27T15:03:15.243Z", "user": 1, "content_type": 8, "object_id": "7", "object_repr": "Siedem kroków, zanim zaczniesz inwestować na giełdzie za granicą", "action_flag": 3, "change_message": ""}}, {"model": "admin.logentry", "pk": 13, "fields": {"action_time": "2020-10-27T15:03:15.311Z", "user": 1, "content_type": 8, "object_id": "6", "object_repr": "Siedem kroków, zanim zaczniesz inwestować na giełdzie za granicą", "action_flag": 3, "change_message": ""}}, {"model": "admin.logentry", "pk": 14, "fields": {"action_time": "2020-10-27T15:03:15.379Z", "user": 1, "content_type": 8, "object_id": "5", "object_repr": "Siedem kroków, zanim zaczniesz inwestować na giełdzie za granicą", "action_flag": 3, "change_message": ""}}, {"model": "admin.logentry", "pk": 15, "fields": {"action_time": "2020-10-27T15:03:15.481Z", "user": 1, "content_type": 8, "object_id": "4", "object_repr": "Siedem kroków, zanim zaczniesz inwestować na giełdzie za granicą", "action_flag": 3, "change_message": ""}}, {"model": "admin.logentry", "pk": 16, "fields": {"action_time": "2020-10-27T15:03:15.549Z", "user": 1, "content_type": 8, "object_id": "3", "object_repr": "Siedem kroków, zanim zaczniesz inwestować na giełdzie za granicą", "action_flag": 3, "change_message": ""}}, {"model": "admin.logentry", "pk": 17, "fields": {"action_time": "2020-10-27T15:03:15.651Z", "user": 1, "content_type": 8, "object_id": "2", "object_repr": "Siedem kroków, zanim zaczniesz inwestować na giełdzie za granicą", "action_flag": 3, "change_message": ""}}, {"model": "admin.logentry", "pk": 18, "fields": {"action_time": "2020-10-27T15:36:46.576Z", "user": 1, "content_type": 8, "object_id": "16", "object_repr": "Exante - broker dla profesjonalistów z dostępem (dla każdego) do amerykańskich ETF'ów oraz możliwie niedługo również do moich portfelów", "action_flag": 2, "change_message": "[{\"changed\": {\"fields\": [\"Name\"]}}]"}}, {"model": "admin.logentry", "pk": 19, "fields": {"action_time": "2020-10-28T16:55:55.645Z", "user": 1, "content_type": 8, "object_id": "19", "object_repr": "Dzisiaj podsumowanie moich wyników w zarządzaniu portfelem, których udziały można kupić na giełdzie - Megatrend Trading. Dodam przy tym, że wpis ten\nnie należy spostrzegać jako reklamę lub zachętę do ", "action_flag": 3, "change_message": ""}}, {"model": "admin.logentry", "pk": 20, "fields": {"action_time": "2020-10-28T16:55:55.720Z", "user": 1, "content_type": 8, "object_id": "18", "object_repr": "Kolejny zagraniczny broker\nstara się zaistnieć na polskim rynku. Dla nas – inwestorów jest to bardzo dobry\nznak, za sprawą którego pozostali brokerzy, działający na polskim rynku (w\nszczególności pols", "action_flag": 3, "change_message": ""}}, {"model": "admin.logentry", "pk": 21, "fields": {"action_time": "2020-10-29T15:48:53.059Z", "user": 1, "content_type": 7, "object_id": "4", "object_repr": "Independent Trader", "action_flag": 1, "change_message": "[{\"added\": {}}]"}}, {"model": "admin.logentry", "pk": 22, "fields": {"action_time": "2020-11-02T16:01:14.634Z", "user": 1, "content_type": 8, "object_id": "24", "object_repr": "\nREIT (1/5) – Czym są fundusze nieruchomości REIT i co je odróżnia od innych spółek?\n", "action_flag": 3, "change_message": ""}}, {"model": "admin.logentry", "pk": 23, "fields": {"action_time": "2020-11-02T16:13:12.001Z", "user": 1, "content_type": 7, "object_id": "5", "object_repr": "USStocks", "action_flag": 1, "change_message": "[{\"added\": {}}]"}}, {"model": "admin.logentry", "pk": 24, "fields": {"action_time": "2020-11-02T16:24:31.139Z", "user": 1, "content_type": 8, "object_id": "25", "object_repr": "\nREIT (1/5) – Czym są fundusze nieruchomości REIT i co je odróżnia od innych spółek?\n", "action_flag": 3, "change_message": ""}}, {"model": "admin.logentry", "pk": 25, "fields": {"action_time": "2020-11-03T15:59:46.191Z", "user": 1, "content_type": 7, "object_id": "6", "object_repr": "System Trader", "action_flag": 1, "change_message": "[{\"added\": {}}]"}}, {"model": "admin.logentry", "pk": 26, "fields": {"action_time": "2020-11-06T16:23:54.230Z", "user": 1, "content_type": 7, "object_id": "7", "object_repr": "Spekulant", "action_flag": 1, "change_message": "[{\"added\": {}}]"}}, {"model": "admin.logentry", "pk": 27, "fields": {"action_time": "2020-11-07T09:52:55.537Z", "user": 1, "content_type": 9, "object_id": "1", "object_repr": "Pamiętnik Giełdowy subscribed by admin in 2020-11-07 09:52:46+00:00", "action_flag": 1, "change_message": "[{\"added\": {}}]"}}, {"model": "admin.logentry", "pk": 28, "fields": {"action_time": "2020-11-09T14:50:02.460Z", "user": 1, "content_type": 7, "object_id": "1", "object_repr": "Trading for a living", "action_flag": 2, "change_message": "[{\"changed\": {\"fields\": [\"Icon\"]}}]"}}, {"model": "admin.logentry", "pk": 29, "fields": {"action_time": "2020-11-12T16:10:45.140Z", "user": 1, "content_type": 8, "object_id": "37", "object_repr": "Czy kapitał właśnie migruje ze spółek typu \"growth\" do \"value\"?", "action_flag": 3, "change_message": ""}}, {"model": "admin.logentry", "pk": 30, "fields": {"action_time": "2020-11-14T10:29:31.828Z", "user": 1, "content_type": 7, "object_id": "8", "object_repr": "Just Geek It", "action_flag": 1, "change_message": "[{\"added\": {}}]"}}, {"model": "admin.logentry", "pk": 31, "fields": {"action_time": "2020-11-16T14:47:54.196Z", "user": 1, "content_type": 7, "object_id": "9", "object_repr": "Finanse Bardzo Osobiste", "action_flag": 1, "change_message": "[{\"added\": {}}]"}}, {"model": "admin.logentry", "pk": 32, "fields": {"action_time": "2020-11-18T14:38:09.494Z", "user": 1, "content_type": 7, "object_id": "10", "object_repr": "MMazurek.dev", "action_flag": 1, "change_message": "[{\"added\": {}}]"}}, {"model": "auth.permission", "pk": 1, "fields": {"name": "Can add log entry", "content_type": 1, "codename": "add_logentry"}}, {"model": "auth.permission", "pk": 2, "fields": {"name": "Can change log entry", "content_type": 1, "codename": "change_logentry"}}, {"model": "auth.permission", "pk": 3, "fields": {"name": "Can delete log entry", "content_type": 1, "codename": "delete_logentry"}}, {"model": "auth.permission", "pk": 4, "fields": {"name": "Can view log entry", "content_type": 1, "codename": "view_logentry"}}, {"model": "auth.permission", "pk": 5, "fields": {"name": "Can add permission", "content_type": 2, "codename": "add_permission"}}, {"model": "auth.permission", "pk": 6, "fields": {"name": "Can change permission", "content_type": 2, "codename": "change_permission"}}, {"model": "auth.permission", "pk": 7, "fields": {"name": "Can delete permission", "content_type": 2, "codename": "delete_permission"}}, {"model": "auth.permission", "pk": 8, "fields": {"name": "Can view permission", "content_type": 2, "codename": "view_permission"}}, {"model": "auth.permission", "pk": 9, "fields": {"name": "Can add group", "content_type": 3, "codename": "add_group"}}, {"model": "auth.permission", "pk": 10, "fields": {"name": "Can change group", "content_type": 3, "codename": "change_group"}}, {"model": "auth.permission", "pk": 11, "fields": {"name": "Can delete group", "content_type": 3, "codename": "delete_group"}}, {"model": "auth.permission", "pk": 12, "fields": {"name": "Can view group", "content_type": 3, "codename": "view_group"}}, {"model": "auth.permission", "pk": 13, "fields": {"name": "Can add user", "content_type": 4, "codename": "add_user"}}, {"model": "auth.permission", "pk": 14, "fields": {"name": "Can change user", "content_type": 4, "codename": "change_user"}}, {"model": "auth.permission", "pk": 15, "fields": {"name": "Can delete user", "content_type": 4, "codename": "delete_user"}}, {"model": "auth.permission", "pk": 16, "fields": {"name": "Can view user", "content_type": 4, "codename": "view_user"}}, {"model": "auth.permission", "pk": 17, "fields": {"name": "Can add content type", "content_type": 5, "codename": "add_contenttype"}}, {"model": "auth.permission", "pk": 18, "fields": {"name": "Can change content type", "content_type": 5, "codename": "change_contenttype"}}, {"model": "auth.permission", "pk": 19, "fields": {"name": "Can delete content type", "content_type": 5, "codename": "delete_contenttype"}}, {"model": "auth.permission", "pk": 20, "fields": {"name": "Can view content type", "content_type": 5, "codename": "view_contenttype"}}, {"model": "auth.permission", "pk": 21, "fields": {"name": "Can add session", "content_type": 6, "codename": "add_session"}}, {"model": "auth.permission", "pk": 22, "fields": {"name": "Can change session", "content_type": 6, "codename": "change_session"}}, {"model": "auth.permission", "pk": 23, "fields": {"name": "Can delete session", "content_type": 6, "codename": "delete_session"}}, {"model": "auth.permission", "pk": 24, "fields": {"name": "Can view session", "content_type": 6, "codename": "view_session"}}, {"model": "auth.permission", "pk": 25, "fields": {"name": "Can add blog", "content_type": 7, "codename": "add_blog"}}, {"model": "auth.permission", "pk": 26, "fields": {"name": "Can change blog", "content_type": 7, "codename": "change_blog"}}, {"model": "auth.permission", "pk": 27, "fields": {"name": "Can delete blog", "content_type": 7, "codename": "delete_blog"}}, {"model": "auth.permission", "pk": 28, "fields": {"name": "Can view blog", "content_type": 7, "codename": "view_blog"}}, {"model": "auth.permission", "pk": 29, "fields": {"name": "Can add blog post", "content_type": 8, "codename": "add_blogpost"}}, {"model": "auth.permission", "pk": 30, "fields": {"name": "Can change blog post", "content_type": 8, "codename": "change_blogpost"}}, {"model": "auth.permission", "pk": 31, "fields": {"name": "Can delete blog post", "content_type": 8, "codename": "delete_blogpost"}}, {"model": "auth.permission", "pk": 32, "fields": {"name": "Can view blog post", "content_type": 8, "codename": "view_blogpost"}}, {"model": "auth.permission", "pk": 33, "fields": {"name": "Can add blog subscriber", "content_type": 9, "codename": "add_blogsubscriber"}}, {"model": "auth.permission", "pk": 34, "fields": {"name": "Can change blog subscriber", "content_type": 9, "codename": "change_blogsubscriber"}}, {"model": "auth.permission", "pk": 35, "fields": {"name": "Can delete blog subscriber", "content_type": 9, "codename": "delete_blogsubscriber"}}, {"model": "auth.permission", "pk": 36, "fields": {"name": "Can view blog subscriber", "content_type": 9, "codename": "view_blogsubscriber"}}, {"model": "auth.user", "pk": 1, "fields": {"password": "pbkdf2_sha256$216000$PkIzdmaLyzHm$MWNNAy/KDWBoD2gTVjyGETdy34YWL3/oNzFbL8TEk+8=", "last_login": "2020-11-19T14:57:59.743Z", "is_superuser": true, "username": "admin", "first_name": "", "last_name": "", "email": "", "is_staff": true, "is_active": true, "date_joined": "2020-10-12T15:51:52.667Z", "groups": [], "user_permissions": []}}, {"model": "auth.user", "pk": 2, "fields": {"password": "Qwerty123", "last_login": null, "is_superuser": false, "username": "adam", "first_name": "Adam", "last_name": "Misiak", "email": "adammisiak3@gmail.com", "is_staff": false, "is_active": true, "date_joined": "2020-10-24T13:21:40.399Z", "groups": [], "user_permissions": []}}, {"model": "contenttypes.contenttype", "pk": 1, "fields": {"app_label": "admin", "model": "logentry"}}, {"model": "contenttypes.contenttype", "pk": 2, "fields": {"app_label": "auth", "model": "permission"}}, {"model": "contenttypes.contenttype", "pk": 3, "fields": {"app_label": "auth", "model": "group"}}, {"model": "contenttypes.contenttype", "pk": 4, "fields": {"app_label": "auth", "model": "user"}}, {"model": "contenttypes.contenttype", "pk": 5, "fields": {"app_label": "contenttypes", "model": "contenttype"}}, {"model": "contenttypes.contenttype", "pk": 6, "fields": {"app_label": "sessions", "model": "session"}}, {"model": "contenttypes.contenttype", "pk": 7, "fields": {"app_label": "blogs", "model": "blog"}}, {"model": "contenttypes.contenttype", "pk": 8, "fields": {"app_label": "blogs", "model": "blogpost"}}, {"model": "contenttypes.contenttype", "pk": 9, "fields": {"app_label": "users", "model": "blogsubscriber"}}, {"model": "sessions.session", "pk": "0hvyth70bmhetpibklz1rkakq80gb004", "fields": {"session_data": ".eJxVjLsOwjAMAP8lM4ryKHHLyM43RI7tkAJKpaadEP-OInWA9e50bxVx30rcm6xxZnVRVp1-WUJ6Su2CH1jvi6albuucdE_0YZu-LSyv69H-DQq20rch-xFlcoYseXKGM5BFSQA4mMCjCZLYM2aYXMqW0GcmhDMMyEikPl8BVzlp:1kXQAs:qGsCYcLJogphpORXgqcIQOYg71FhI32UIJHl_FSEE0M", "expire_date": "2020-11-10T14:42:10.747Z"}}, {"model": "sessions.session", "pk": "36nbt9eqgmp7lktyyk8l8j6uz870qxzn", "fields": {"session_data": ".eJxVjLsOwjAMAP8lM4ryKHHLyM43RI7tkAJKpaadEP-OInWA9e50bxVx30rcm6xxZnVRVp1-WUJ6Su2CH1jvi6albuucdE_0YZu-LSyv69H-DQq20rch-xFlcoYseXKGM5BFSQA4mMCjCZLYM2aYXMqW0GcmhDMMyEikPl8BVzlp:1kb4Ds:WlP8RO2CLx8xFFyJJzsr3LsCjFY2iz0DkuRZuWt4K9M", "expire_date": "2020-11-20T16:04:20.507Z"}}, {"model": "sessions.session", "pk": "3w3jciltq3tqplttyhi6ea4str4uuypi", "fields": {"session_data": ".eJxVjLsOwjAMAP8lM4ryKHHLyM43RI7tkAJKpaadEP-OInWA9e50bxVx30rcm6xxZnVRVp1-WUJ6Su2CH1jvi6albuucdE_0YZu-LSyv69H-DQq20rch-xFlcoYseXKGM5BFSQA4mMCjCZLYM2aYXMqW0GcmhDMMyEikPl8BVzlp:1kXo3Z:0WmiYogFcXbqnfkmP23EqDzO-3rGO0wvi2nMcEhtSSQ", "expire_date": "2020-11-11T16:12:13.322Z"}}, {"model": "sessions.session", "pk": "6fc3d0fftmgapi95a0aryvpvkkyb1qph", "fields": {"session_data": ".eJxVjLsOwjAMAP8lM4ryKHHLyM43RI7tkAJKpaadEP-OInWA9e50bxVx30rcm6xxZnVRVp1-WUJ6Su2CH1jvi6albuucdE_0YZu-LSyv69H-DQq20rch-xFlcoYseXKGM5BFSQA4mMCjCZLYM2aYXMqW0GcmhDMMyEikPl8BVzlp:1kc8Kk:3BpIc9EEac5gKtr5BzK1__XhslMKCMF0hEmReEes114", "expire_date": "2020-11-23T14:39:50.791Z"}}, {"model": "sessions.session", "pk": "6m2utacijnzirfc981iui8ghzad05cvx", "fields": {"session_data": ".eJxVjLsOwjAMAP8lM4ryKHHLyM43RI7tkAJKpaadEP-OInWA9e50bxVx30rcm6xxZnVRVp1-WUJ6Su2CH1jvi6albuucdE_0YZu-LSyv69H-DQq20rch-xFlcoYseXKGM5BFSQA4mMCjCZLYM2aYXMqW0GcmhDMMyEikPl8BVzlp:1kdFB7:2wObvXka6r303OX5_iczTWk_N2zJOBMf8-JMBUvmzPI", "expire_date": "2020-11-26T16:10:29.025Z"}}, {"model": "sessions.session", "pk": "85kj5yhcwtqx3b50v72zzuypoa4sok5g", "fields": {"session_data": ".eJxVjLsOwjAMAP8lM4ryKHHLyM43RI7tkAJKpaadEP-OInWA9e50bxVx30rcm6xxZnVRVp1-WUJ6Su2CH1jvi6albuucdE_0YZu-LSyv69H-DQq20rch-xFlcoYseXKGM5BFSQA4mMCjCZLYM2aYXMqW0GcmhDMMyEikPl8BVzlp:1kfPAh:XOdIGIfaFHJJ7GUUa3pqyzSag-vEn8TBTp0NKmZNVfU", "expire_date": "2020-12-02T15:14:59.803Z"}}, {"model": "sessions.session", "pk": "bgk1cud19h4nt6o4rh53om0zytpy1eti", "fields": {"session_data": ".eJxVjLsOwjAMAP8lM4ryKHHLyM43RI7tkAJKpaadEP-OInWA9e50bxVx30rcm6xxZnVRVp1-WUJ6Su2CH1jvi6albuucdE_0YZu-LSyv69H-DQq20rch-xFlcoYseXKGM5BFSQA4mMCjCZLYM2aYXMqW0GcmhDMMyEikPl8BVzlp:1kZBZR:8Xuk-kUiGwAyG3sCVsiEGRu1PGBAKd7zKA6CCuPyeUU", "expire_date": "2020-11-15T11:30:49.643Z"}}, {"model": "sessions.session", "pk": "ch61b12s98763sr38gk2qek3hmddtnhn", "fields": {"session_data": ".eJxVjLsOwjAMAP8lM4ryKHHLyM43RI7tkAJKpaadEP-OInWA9e50bxVx30rcm6xxZnVRVp1-WUJ6Su2CH1jvi6albuucdE_0YZu-LSyv69H-DQq20rch-xFlcoYseXKGM5BFSQA4mMCjCZLYM2aYXMqW0GcmhDMMyEikPl8BVzlp:1kSiom:Qm1C3qXicpaB08W--90vnkN_HUhmeiYfsXf6345Th2A", "expire_date": "2020-10-28T15:35:56.803Z"}}, {"model": "sessions.session", "pk": "hbn3phibh3j32qrqvk7wi80r5nem9az6", "fields": {"session_data": ".eJxVjLsOwjAMAP8lM4ryKHHLyM43RI7tkAJKpaadEP-OInWA9e50bxVx30rcm6xxZnVRVp1-WUJ6Su2CH1jvi6albuucdE_0YZu-LSyv69H-DQq20rch-xFlcoYseXKGM5BFSQA4mMCjCZLYM2aYXMqW0GcmhDMMyEikPl8BVzlp:1kWN8e:7FvlBKNH-z5vB1M1PgNGKbdbBMDQte5bdLNHgDKGQhU", "expire_date": "2020-11-07T17:15:32.438Z"}}, {"model": "sessions.session", "pk": "iiglrgdn8p0ijgz41s47cpxuvy86f3pt", "fields": {"session_data": ".eJxVjLsOwjAMAP8lM4ryKHHLyM43RI7tkAJKpaadEP-OInWA9e50bxVx30rcm6xxZnVRVp1-WUJ6Su2CH1jvi6albuucdE_0YZu-LSyv69H-DQq20rch-xFlcoYseXKGM5BFSQA4mMCjCZLYM2aYXMqW0GcmhDMMyEikPl8BVzlp:1kZcG4:Y808wGMKAYguDN6XW4CtSPm6aFvTO4s6DshkxxDEzzE", "expire_date": "2020-11-16T16:00:36.127Z"}}, {"model": "sessions.session", "pk": "m97oguu4ztlw0yf7oh99zg0hyf596s6j", "fields": {"session_data": ".eJxVjLsOwjAMAP8lM4ryKHHLyM43RI7tkAJKpaadEP-OInWA9e50bxVx30rcm6xxZnVRVp1-WUJ6Su2CH1jvi6albuucdE_0YZu-LSyv69H-DQq20rch-xFlcoYseXKGM5BFSQA4mMCjCZLYM2aYXMqW0GcmhDMMyEikPl8BVzlp:1kTj4c:R_MDqLyhVvJkkuStJxpROEeY-5Xe51pWaJkBvrr966s", "expire_date": "2020-10-31T10:04:26.663Z"}}, {"model": "sessions.session", "pk": "n6bt3mgsiuo1aisany7ol2hy9742nxkl", "fields": {"session_data": ".eJxVjLsOwjAMAP8lM4ryKHHLyM43RI7tkAJKpaadEP-OInWA9e50bxVx30rcm6xxZnVRVp1-WUJ6Su2CH1jvi6albuucdE_0YZu-LSyv69H-DQq20rch-xFlcoYseXKGM5BFSQA4mMCjCZLYM2aYXMqW0GcmhDMMyEikPl8BVzlp:1kahDg:plUbRZjSyw0qVCM1idZcOLWXaJucyREIvSGSXXaaRCQ", "expire_date": "2020-11-19T15:30:36.764Z"}}, {"model": "sessions.session", "pk": "p7icglb61bpqb8tm1387ymjxa0uvwmlw", "fields": {"session_data": ".eJxVjLsOwjAMAP8lM4ryKHHLyM43RI7tkAJKpaadEP-OInWA9e50bxVx30rcm6xxZnVRVp1-WUJ6Su2CH1jvi6albuucdE_0YZu-LSyv69H-DQq20rch-xFlcoYseXKGM5BFSQA4mMCjCZLYM2aYXMqW0GcmhDMMyEikPl8BVzlp:1kdsmn:F4ywd3HactCnNgd5NV2SIcEn9qJnMOdalaOt__DGu_o", "expire_date": "2020-11-28T10:28:01.716Z"}}, {"model": "sessions.session", "pk": "p8m2h2smik205a4l2124o7u3h0i2r8p8", "fields": {"session_data": ".eJxVjLsOwjAMAP8lM4ryKHHLyM43RI7tkAJKpaadEP-OInWA9e50bxVx30rcm6xxZnVRVp1-WUJ6Su2CH1jvi6albuucdE_0YZu-LSyv69H-DQq20rch-xFlcoYseXKGM5BFSQA4mMCjCZLYM2aYXMqW0GcmhDMMyEikPl8BVzlp:1kegTg:3RqIujAYeUG67h7UgaEm5101iY12aoxDsfj1I4448qY", "expire_date": "2020-11-30T15:31:36.371Z"}}, {"model": "sessions.session", "pk": "sxteqo4iwxp2i18h7ggw5afuek22d37p", "fields": {"session_data": ".eJxVjLsOwjAMAP8lM4ryKHHLyM43RI7tkAJKpaadEP-OInWA9e50bxVx30rcm6xxZnVRVp1-WUJ6Su2CH1jvi6albuucdE_0YZu-LSyv69H-DQq20rch-xFlcoYseXKGM5BFSQA4mMCjCZLYM2aYXMqW0GcmhDMMyEikPl8BVzlp:1kYA9E:Bcz46d3p5dAkF3bcPW2w_pye-TB2EP0g-coUWGNZLX4", "expire_date": "2020-11-12T15:47:32.475Z"}}, {"model": "sessions.session", "pk": "ufibc7muwmpufzn5w0nu6cgr3zf60m1j", "fields": {"session_data": ".eJxVjLsOwjAMAP8lM4ryKHHLyM43RI7tkAJKpaadEP-OInWA9e50bxVx30rcm6xxZnVRVp1-WUJ6Su2CH1jvi6albuucdE_0YZu-LSyv69H-DQq20rch-xFlcoYseXKGM5BFSQA4mMCjCZLYM2aYXMqW0GcmhDMMyEikPl8BVzlp:1kZyXK:MUUe3xrzupmpfLHXlys11Xf4DVoUJTNt_viqwxTV1xo", "expire_date": "2020-11-17T15:47:54.063Z"}}, {"model": "sessions.session", "pk": "y2skiv74s86azfwmmzzagczme2te2akg", "fields": {"session_data": ".eJxVjLsOwjAMAP8lM4ryKHHLyM43RI7tkAJKpaadEP-OInWA9e50bxVx30rcm6xxZnVRVp1-WUJ6Su2CH1jvi6albuucdE_0YZu-LSyv69H-DQq20rch-xFlcoYseXKGM5BFSQA4mMCjCZLYM2aYXMqW0GcmhDMMyEikPl8BVzlp:1kUuC7:kngNxiqHT6P5nDaee2tZhwckYEPOYJsW101UWzRM00g", "expire_date": "2020-11-03T16:09:03.759Z"}}, {"model": "sessions.session", "pk": "ycrqqko9mdynq8gm8ohupr753n3s036m", "fields": {"session_data": ".eJxVjLsOwjAMAP8lM4ryKHHLyM43RI7tkAJKpaadEP-OInWA9e50bxVx30rcm6xxZnVRVp1-WUJ6Su2CH1jvi6albuucdE_0YZu-LSyv69H-DQq20rch-xFlcoYseXKGM5BFSQA4mMCjCZLYM2aYXMqW0GcmhDMMyEikPl8BVzlp:1kflNn:0qbBJS1jRGGtdHg6Nejss3o3mv24uXYQYZHUkHN5Mhg", "expire_date": "2020-12-03T14:57:59.845Z"}}, {"model": "blogs.blog", "pk": 1, "fields": {"name": "Trading for a living", "url": "https://www.tradingforaliving.pl/", "author": "Tomasz Trela", "genre": "Financials", "genre2": "", "language": "Polish"}}, {"model": "blogs.blog", "pk": 2, "fields": {"name": "Pamiętnik Giełdowy", "url": "https://www.pamietnikgieldowy.pl/", "author": "Daniel Heliosz", "genre": "Financials", "genre2": "", "language": "Polish"}}, {"model": "blogs.blog", "pk": 3, "fields": {"name": "Inwestomat.eu", "url": "https://inwestomat.eu/", "author": "Mateusz Samołyk", "genre": "Financials", "genre2": "", "language": "Polish"}}, {"model": "blogs.blog", "pk": 4, "fields": {"name": "Independent Trader", "url": "https://independenttrader.pl/", "author": "Trader21", "genre": "Financials", "genre2": "", "language": "Polish"}}, {"model": "blogs.blog", "pk": 5, "fields": {"name": "USStocks", "url": "https://usstocks.pl/", "author": "Bartek Szyma", "genre": "Financials", "genre2": "", "language": "Polish"}}, {"model": "blogs.blog", "pk": 6, "fields": {"name": "System Trader", "url": "https://systemtrader.pl/", "author": "Jacek Lempart", "genre": "Financials", "genre2": "", "language": "Polish"}}, {"model": "blogs.blog", "pk": 7, "fields": {"name": "Spekulant", "url": "http://spekulant.com.pl/", "author": "Dawid Spekulant", "genre": "Financials", "genre2": "", "language": "Polish"}}, {"model": "blogs.blog", "pk": 8, "fields": {"name": "Just Geek It", "url": "https://geek.justjoin.it/", "author": "Just Join It", "genre": "IT", "genre2": "", "language": "Polish"}}, {"model": "blogs.blog", "pk": 9, "fields": {"name": "Finanse Bardzo Osobiste", "url": "https://marciniwuc.com/", "author": "Marcin Iwuć", "genre": "Financials", "genre2": "", "language": "Polish"}}, {"model": "blogs.blog", "pk": 10, "fields": {"name": "MMazurek.dev", "url": "https://mmazurek.dev/", "author": "Mateusz Mazurek", "genre": "IT", "genre2": "", "language": "Polish"}}, {"model": "blogs.blogpost", "pk": 1, "fields": {"name": "Siedem kroków, zanim zaczniesz inwestować na giełdzie za granicą", "url": "https://www.tradingforaliving.pl/inwestowanie-na-gieldzie-za-granica/", "added": "2020-10-05T00:00:00Z", "blog": 1}}, {"model": "blogs.blogpost", "pk": 15, "fields": {"name": "Telemedycyna – jak zainwestować w najnowszy trend 21. wieku?", "url": "https://www.tradingforaliving.pl/telemedycyna/", "added": "2020-10-26T00:00:00Z", "blog": 1}}, {"model": "blogs.blogpost", "pk": 16, "fields": {"name": "Exante - broker dla profesjonalistów z dostępem (dla każdego) do amerykańskich ETF'ów oraz możliwie niedługo również do moich portfelów", "url": "http://www.pamietnikgieldowy.pl/2020/10/exante-broker-dla-profesjonalistow-z.html", "added": "2020-10-26T00:00:00Z", "blog": 2}}, {"model": "blogs.blogpost", "pk": 17, "fields": {"name": "\nJak zaplanować swoją wolność finansową? Mój plan sprzed lat\n", "url": "https://inwestomat.eu/jak-zaplanowac-swoja-wolnosc-finansowa/", "added": "2020-10-26T00:00:00Z", "blog": 3}}, {"model": "blogs.blogpost", "pk": 20, "fields": {"name": "Megatrend Trading (WF0BSWTRAD)", "url": "http://www.pamietnikgieldowy.pl/2019/06/moj-portfel-zagranicznych-spoek.html", "added": "2020-10-28T00:00:00Z", "blog": 2}}, {"model": "blogs.blogpost", "pk": 21, "fields": {"name": "\nJak zaplanować swoją wolność finansową? Mój plan sprzed lat\n", "url": "https://inwestomat.eu/jak-zaplanowac-swoja-wolnosc-finansowa/", "added": "2020-10-26T00:00:00Z", "blog": 4}}, {"model": "blogs.blogpost", "pk": 22, "fields": {"name": "Bycze spółki po październiku 2020", "url": "http://www.pamietnikgieldowy.pl/2020/10/bycze-spoki-po-pazdzierniku-2020.html", "added": "2020-10-31T00:00:00Z", "blog": 2}}, {"model": "blogs.blogpost", "pk": 23, "fields": {"name": "\nREIT (1/5) – Czym są fundusze nieruchomości REIT i co je odróżnia od innych spółek?\n", "url": "https://inwestomat.eu/czym-sa-fundusze-nieruchomosci-reit/", "added": "2020-11-02T00:00:00Z", "blog": 3}}, {"model": "blogs.blogpost", "pk": 26, "fields": {"name": " Dywidendowa droga cz 3 – profil inwestora dywidendowego.", "url": "https://usstocks.pl/dywidendowa-droga-cz-3-profil-inwestora-dywidendowego/", "added": "2020-10-29T00:00:00Z", "blog": 5}}, {"model": "blogs.blogpost", "pk": 27, "fields": {"name": "Co dalej ze światową gospodarką? - DEBATA - Trader21, Bartosiak, Kwiecień, Piech", "url": "https://independenttrader.pl/co-dalej-ze-swiatowa-gospodarka-debata-trader21-bartosiak-kwiecien-piech.html", "added": "2020-11-02T00:00:00Z", "blog": 4}}, {"model": "blogs.blogpost", "pk": 28, "fields": {"name": "Fiverr International (FVRR)", "url": "http://www.pamietnikgieldowy.pl/2020/11/fiverr-international-fvrr.html", "added": "2020-11-03T00:00:00Z", "blog": 2}}, {"model": "blogs.blogpost", "pk": 29, "fields": {"name": "Permanent Link to 🔊 ST 054: Inwestowanie długoterminowe według Marcina Iwucia z bloga Finanse Bardzo Osobiste", "url": "https://systemtrader.pl/st-054-jak-budowac-dlugoterminowy-portfel-inwestycyjny-rozmowa-z-marcinem-iwuciem/", "added": "2020-10-23T00:00:00Z", "blog": 6}}, {"model": "blogs.blogpost", "pk": 30, "fields": {"name": "Wybory 2020: Trump vs. Biden - relacja live", "url": "https://independenttrader.pl/wybory-2020-trump-vs-biden-relacja-live.html", "added": "2020-11-03T00:00:00Z", "blog": 4}}, {"model": "blogs.blogpost", "pk": 31, "fields": {"name": "VXV:VIX z sygnałem zakupowym", "url": "http://spekulant.com.pl/2020/11/01/vxvvix-z-sygnalem-zakupowym-11/", "added": "2020-11-01T00:00:00Z", "blog": 7}}, {"model": "blogs.blogpost", "pk": 32, "fields": {"name": "Dlaczego nie kupuję spółek podczas debiutu giełdowego?", "url": "http://www.pamietnikgieldowy.pl/2020/11/dlaczego-nie-kupuje-spoek-podczas.html", "added": "2020-11-09T00:00:00Z", "blog": 2}}, {"model": "blogs.blogpost", "pk": 33, "fields": {"name": "\nREIT (2/5) – Jak kupić fundusz nieruchomości REIT? Porównanie możliwości\n", "url": "https://inwestomat.eu/jak-kupic-fundusz-nieruchomosci-reit/", "added": "2020-11-09T00:00:00Z", "blog": 3}}, {"model": "blogs.blogpost", "pk": 34, "fields": {"name": "Wielki Reset - najwyżej ocenione wystąpienie na XTB Masterclass 2020", "url": "https://independenttrader.pl/wielki-reset-najwyzej-ocenione-wystapienie-na-xtb-masterclass-2020.html", "added": "2020-11-07T00:00:00Z", "blog": 4}}, {"model": "blogs.blogpost", "pk": 35, "fields": {"name": "Permanent Link to 🔊 ST 055: Kulisy tworzenia autorskich narzędzi dla inwestorów + plany na przyszłość", "url": "https://systemtrader.pl/st-055-kulisy-tworzenia-autorskich-narzedzi-dla-inwestorow-plany-na-przyszlosc/", "added": "2020-11-08T00:00:00Z", "blog": 6}}, {"model": "blogs.blogpost", "pk": 36, "fields": {"name": "Permanent Link to 🔊 ST 055: Kulisy tworzenia autorskich narzędzi dla inwestorów + plany na przyszłość", "url": "https://systemtrader.pl/st-055-kulisy-tworzenia-autorskich-narzedzi-dla-inwestorow-plany-na-przyszlosc/", "added": "2020-11-09T00:00:00Z", "blog": 6}}, {"model": "blogs.blogpost", "pk": 38, "fields": {"name": "Czy szczepionka na Covid-19 uratuje inwestorów?", "url": "https://independenttrader.pl/czy-szczepionka-na-covid-19-uratuje-inwestorow.html", "added": "2020-11-12T00:00:00Z", "blog": 4}}, {"model": "blogs.blogpost", "pk": 39, "fields": {"name": "Czy kapitał właśnie migruje ze spółek typu \"growth\" do \"value\"?", "url": "http://www.pamietnikgieldowy.pl/2020/11/czy-kapita-wasnie-migruje-ze-spoek-typu.html", "added": "2020-11-01T00:00:00Z", "blog": 2}}, {"model": "blogs.blogpost", "pk": 40, "fields": {"name": "Czy kapitał właśnie migruje ze spółek typu \"growth\" do \"value\"?", "url": "http://www.pamietnikgieldowy.pl/2020/11/czy-kapita-wasnie-migruje-ze-spoek-typu.html", "added": "2020-11-11T00:00:00Z", "blog": 2}}, {"model": "blogs.blogpost", "pk": 41, "fields": {"name": "Permanent Link to 📖 18 nowych portfeli, rozbudowana strategia dla rynku akcji, nowe funkcje, kompletny katalog ponad 2500 ETF – trzecia odsłona oprogramowania #ST", "url": "https://systemtrader.pl/18-nowych-portfeli-rozbudowana-strategia-dla-rynku-akcji-nowe-funkcje-kompletny-katalog-ponad-2500-etf-trzecia-odslona-oprogramowania-st/", "added": "2020-11-13T00:00:00Z", "blog": 6}}, {"model": "blogs.blogpost", "pk": 42, "fields": {"name": "Python drugim najpopularniejszym językiem. Jego twórca dołącza do Microsoftu", "url": "https://geek.justjoin.it/tworca-pythona-dolacza-do-microsoftu", "added": "2020-11-13T00:00:00Z", "blog": 8}}, {"model": "blogs.blogpost", "pk": 43, "fields": {"name": "Mit dywidendy. Dlaczego inwestowanie w spółki dywidendowe to wishful thinking?", "url": "https://www.tradingforaliving.pl/inwestowanie-w-spolki-dywidendowe/", "added": "2020-11-16T00:00:00Z", "blog": 1}}, {"model": "blogs.blogpost", "pk": 44, "fields": {"name": "\nREIT (3/5) – Jak wybrać najlepszy REIT dostępny na rynku? Analiza REIT-ów\n", "url": "https://inwestomat.eu/jak-wybrac-najlepszy-reit/", "added": "2020-11-16T00:00:00Z", "blog": 3}}, {"model": "blogs.blogpost", "pk": 45, "fields": {"name": "Kotlin – testowanie: frameworki, mockowanie, asercje. Przegląd możliwości w 2020 roku", "url": "https://geek.justjoin.it/kotlin-testowanie-frameworki-mockowanie-asercje-przeglad-mozliwosci-w-2020-roku", "added": "2020-11-16T00:00:00Z", "blog": 8}}, {"model": "blogs.blogpost", "pk": 46, "fields": {"name": "Mit dywidendy. Dlaczego inwestowanie w spółki dywidendowe jest już passé?", "url": "https://www.tradingforaliving.pl/inwestowanie-w-spolki-dywidendowe/", "added": "2020-11-16T00:00:00Z", "blog": 1}}, {"model": "blogs.blogpost", "pk": 47, "fields": {"name": "Które ETF-y do portfela długoterminowego? [FFP05]", "url": "https://marciniwuc.com/ktore-etfy/", "added": "2020-11-12T00:00:00Z", "blog": 9}}, {"model": "blogs.blogpost", "pk": 48, "fields": {"name": "Kinsale Capital Group (KNSL)", "url": "http://www.pamietnikgieldowy.pl/2020/11/kinsale-capital-lgroup-knsl.html", "added": "2020-11-17T00:00:00Z", "blog": 2}}, {"model": "blogs.blogpost", "pk": 49, "fields": {"name": "Najważniejsze wydarzenia minionych tygodni - Listopad 2020", "url": "https://independenttrader.pl/najwazniejsze-wydarzenia-minionych-tygodni-listopad-2020.html", "added": "2020-11-18T00:00:00Z", "blog": 4}}, {"model": "blogs.blogpost", "pk": 50, "fields": {"name": "Najbardziej absurdalne benefity pracownicze w IT", "url": "https://geek.justjoin.it/najabsurdalniejsze-benefity-pracownicze", "added": "2020-11-18T00:00:00Z", "blog": 8}}, {"model": "blogs.blogpost", "pk": 51, "fields": {"name": "Nie chce Ci się działać? To poznaj tę historię!", "url": "https://marciniwuc.com/niechec-do-dzialania/", "added": "2020-11-16T00:00:00Z", "blog": 9}}, {"model": "blogs.blogpost", "pk": 52, "fields": {"name": "Redis i Python – dobrze dobrana para #7", "url": "https://mmazurek.dev/redis-i-python-dobrze-dobrana-para-7/", "added": "2020-11-08T00:00:00Z", "blog": 10}}, {"model": "blogs.blogpost", "pk": 53, "fields": {"name": "Firmy w IT mierzą się z ogromną ilością niespójnych danych. Jak powstał dział Data w Tidio?", "url": "https://geek.justjoin.it/firmy-w-it-mierza-sie-z-ogromna-iloscia-niespojnych-danych-jak-powstal-dzial-data-w-tidio", "added": "2020-11-19T00:00:00Z", "blog": 8}}, {"model": "users.blogsubscriber", "pk": 26, "fields": {"blog": 1, "user": 1, "date": "2020-11-18T15:47:20.045Z", "email_notification": false}}, {"model": "users.blogsubscriber", "pk": 29, "fields": {"blog": 3, "user": 1, "date": "2020-11-18T15:50:27.390Z", "email_notification": false}}, {"model": "users.blogsubscriber", "pk": 30, "fields": {"blog": 2, "user": 1, "date": "2020-11-18T15:51:53.135Z", "email_notification": false}}, {"model": "users.blogsubscriber", "pk": 31, "fields": {"blog": 6, "user": 1, "date": "2020-11-18T15:52:02.467Z", "email_notification": false}}, {"model": "users.blogsubscriber", "pk": 32, "fields": {"blog": 7, "user": 1, "date": "2020-11-18T15:52:05.564Z", "email_notification": false}}, {"model": "users.blogsubscriber", "pk": 33, "fields": {"blog": 8, "user": 1, "date": "2020-11-18T15:52:05.566Z", "email_notification": false}}, {"model": "users.blogsubscriber", "pk": 34, "fields": {"blog": 10, "user": 1, "date": "2020-11-18T15:52:26.928Z", "email_notification": false}}, {"model": "users.blogsubscriber", "pk": 35, "fields": {"blog": 9, "user": 1, "date": "2020-11-18T15:52:28.156Z", "email_notification": false}}, {"model": "users.blogsubscriber", "pk": 36, "fields": {"blog": 5, "user": 1, "date": "2020-11-18T15:52:37.925Z", "email_notification": false}}, {"model": "users.blogsubscriber", "pk": 37, "fields": {"blog": 4, "user": 1, "date": "2020-11-18T15:52:40.048Z", "email_notification": false}}]